title,permalink,body,published_at,filter,categories,tags,jenis,brand,description,image,product,price,sku,kondisi
Jual Bantal Bayi / Baby Kit - SPV 742 Murah,bantal-bayi-baby-kit-spv-742,"
     <div class=""product-details""><!--product-details-->
      <div class=""col-sm-5"">
       <div class=""view-product"">
        <img src=""{{ page.image }}"" alt=""{{ page.product }}"" title=""{{ page.product }}"" />
        <h3><a style=""text-decoration: none; color: #ffffff"" href=""{{ page.image }}"" target=""_blank"" title=""Klik disini untuk memperbesar"">ZOOM</a></h3>
       </div>
      </div>

      <div class=""col-sm-7"">
       <div class=""product-information""><!--/product-information-->
        <h1>{{ page.product }}</h1>
        <p>SKU: {{ page.sku }}</p>
        <img src=""{{ site.url }}/img/rating.png"" alt=""rating"" title=""rating"" /><br>
        <span>
         <span>{{ page.price }}</span>        
         <label>Stok:<a href=""http://stok.lipatan.com"" target=""_blank"" title=""Cek Stok"">
          <script type=""text/javascript"">
          <!--
          document.write(unescape('%3c%62%75%74%74%6f%6e%20%74%79%70%65%3d%22%62%75%74%74%6f%6e%22%20%63%6c%61%73%73%3d%22%62%74%6e%20%62%74%6e%2d%66%65%66%61%75%6c%74%20%63%61%72%74%22%3e%09%09%09%09%09%09%09%09%09%09%3c%69%20%63%6c%61%73%73%3d%22%66%61%20%66%61%2d%73%68%6f%70%70%69%6e%67%2d%63%61%72%74%22%3e%3c%2f%69%3e%09%09%09%09%09%09%09%09%09%09%43%65%6b%20%53%74%6f%6b%3c%2f%62%75%74%74%6f%6e%3e'));
          //-->
          </script>
          </a>
         </label>
        </span>
        <p><b>Kondisi:</b> {{ page.kondisi }}</p>
        <p><b>Deskripsi:</b> {{ page.description }}</p>
        {% include buy.html %}
       </div><!--/product-information-->
      </div>
     </div><!--/product-details-->
     
     <div class=""category-tab shop-details-tab""><!--category-tab-->
      <div class=""col-sm-12"">
       <ul class=""nav nav-tabs"">
        <li class=""active""><a href=""{{ site.url }}{{ page.url }}#keterangan"" data-toggle=""tab"" title=""Keterangan"">Keterangan</a></li>        
       </ul>
      </div>
      <div class=""tab-content"">
       <div class=""tab-pane fade active in"" id=""keterangan"" >
        <div class=""col-sm-12"">
         <h2>{{ page.product }}</h2>         
         <ol class=""breadcrumb"">
            <li class=""active"">Tag :</li>
            <li><a href=""{{ site.url }}/{{ page.jenis }}"" title=""{{ page.jenis }}"">{{ page.jenis }}</a></li>
            <li><a href=""{{ site.url }}/{{ page.brand }}"" title=""{{ page.brand }}"">{{ page.brand }}</a></li>  
         </ol>         
         <p>Tampil trendy dengan Perlengkapan Bayi merek Inficlo. Brand fashion asal Bandung. Cocok untuk hadiah orang yang Anda sayangi agar terlihat lebih gaya, tampil berbeda dan percaya diri. Bantal Bayi / Baby Kit - SPV 742 dengan bahan TWILL ini dijamin awet.<br/>Kode : SPV 742<br/>Warna : COKLAT<br/>Bahan : TWILL<br/>Ukuran : All Size<br/>Berat : 0.4 kg<br/><br>
         </p>

         <p style=""background-color: #5cb85c; color: #ffffff; padding: 5px; text-align: center; display: inline-block; box-shadow: 0 1px 3px rgba(0,0,0,0.12), 0 1px 2px rgba(0,0,0,0.24);"">
         ID Penjual : BDRS<br>
         Lokasi : Bandung</p>

         {% include share.html %}

         {% include disqus.html %}
         
        </div>
       </div>       
       
      </div>
     </div><!--/category-tab-->",2017-02-11,html,perlengkapan-bayi,inficlo,perlengkapan-bayi,inficlo,"Perlengkapan Bayi Bahan TWILL, Ukuran All Size, Warna COKLAT",https://images.lipatan.com/katalog-inficlo-2017/foto-produk-satuan/480-spv-742.jpg,Bantal Bayi / Baby Kit - SPV 742,Rp 97.900,SPV 742,Baru
Jual Tas Bayi / Baby Kit - SPV 311 Murah,tas-bayi-baby-kit-spv-311,"
     <div class=""product-details""><!--product-details-->
      <div class=""col-sm-5"">
       <div class=""view-product"">
        <img src=""{{ page.image }}"" alt=""{{ page.product }}"" title=""{{ page.product }}"" />
        <h3><a style=""text-decoration: none; color: #ffffff"" href=""{{ page.image }}"" target=""_blank"" title=""Klik disini untuk memperbesar"">ZOOM</a></h3>
       </div>
      </div>

      <div class=""col-sm-7"">
       <div class=""product-information""><!--/product-information-->
        <h1>{{ page.product }}</h1>
        <p>SKU: {{ page.sku }}</p>
        <img src=""{{ site.url }}/img/rating.png"" alt=""rating"" title=""rating"" /><br>
        <span>
         <span>{{ page.price }}</span>        
         <label>Stok:<a href=""http://stok.lipatan.com"" target=""_blank"" title=""Cek Stok"">
          <script type=""text/javascript"">
          <!--
          document.write(unescape('%3c%62%75%74%74%6f%6e%20%74%79%70%65%3d%22%62%75%74%74%6f%6e%22%20%63%6c%61%73%73%3d%22%62%74%6e%20%62%74%6e%2d%66%65%66%61%75%6c%74%20%63%61%72%74%22%3e%09%09%09%09%09%09%09%09%09%09%3c%69%20%63%6c%61%73%73%3d%22%66%61%20%66%61%2d%73%68%6f%70%70%69%6e%67%2d%63%61%72%74%22%3e%3c%2f%69%3e%09%09%09%09%09%09%09%09%09%09%43%65%6b%20%53%74%6f%6b%3c%2f%62%75%74%74%6f%6e%3e'));
          //-->
          </script>
          </a>
         </label>
        </span>
        <p><b>Kondisi:</b> {{ page.kondisi }}</p>
        <p><b>Deskripsi:</b> {{ page.description }}</p>
        {% include buy.html %}
       </div><!--/product-information-->
      </div>
     </div><!--/product-details-->
     
     <div class=""category-tab shop-details-tab""><!--category-tab-->
      <div class=""col-sm-12"">
       <ul class=""nav nav-tabs"">
        <li class=""active""><a href=""{{ site.url }}{{ page.url }}#keterangan"" data-toggle=""tab"" title=""Keterangan"">Keterangan</a></li>        
       </ul>
      </div>
      <div class=""tab-content"">
       <div class=""tab-pane fade active in"" id=""keterangan"" >
        <div class=""col-sm-12"">
         <h2>{{ page.product }}</h2>         
         <ol class=""breadcrumb"">
            <li class=""active"">Tag :</li>
            <li><a href=""{{ site.url }}/{{ page.jenis }}"" title=""{{ page.jenis }}"">{{ page.jenis }}</a></li>
            <li><a href=""{{ site.url }}/{{ page.brand }}"" title=""{{ page.brand }}"">{{ page.brand }}</a></li>  
         </ol>         
         <p>Tampil trendy dengan Perlengkapan Bayi merek Inficlo. Brand fashion asal Bandung. Cocok untuk hadiah orang yang Anda sayangi agar terlihat lebih gaya, tampil berbeda dan percaya diri. Tas Bayi / Baby Kit - SPV 311 dengan bahan TWILL ini dijamin awet.<br/>Kode : SPV 311<br/>Warna : COKLAT<br/>Bahan : TWILL<br/>Ukuran : All Size<br/>Berat : 0.4 kg<br/><br>
         </p>

         <p style=""background-color: #5cb85c; color: #ffffff; padding: 5px; text-align: center; display: inline-block; box-shadow: 0 1px 3px rgba(0,0,0,0.12), 0 1px 2px rgba(0,0,0,0.24);"">
         ID Penjual : BDRS<br>
         Lokasi : Bandung</p>

         {% include share.html %}

         {% include disqus.html %}
         
        </div>
       </div>       
       
      </div>
     </div><!--/category-tab-->",2017-02-11,html,perlengkapan-bayi,inficlo,perlengkapan-bayi,inficlo,"Perlengkapan Bayi Bahan TWILL, Ukuran All Size, Warna COKLAT",https://images.lipatan.com/katalog-inficlo-2017/foto-produk-satuan/481-spv-311.jpg,Tas Bayi / Baby Kit - SPV 311,Rp 92.900,SPV 311,Baru
Jual Gendongan Bayi / Baby Kit - SPV 119 Murah,gendongan-bayi-baby-kit-spv-119,"
     <div class=""product-details""><!--product-details-->
      <div class=""col-sm-5"">
       <div class=""view-product"">
        <img src=""{{ page.image }}"" alt=""{{ page.product }}"" title=""{{ page.product }}"" />
        <h3><a style=""text-decoration: none; color: #ffffff"" href=""{{ page.image }}"" target=""_blank"" title=""Klik disini untuk memperbesar"">ZOOM</a></h3>
       </div>
      </div>

      <div class=""col-sm-7"">
       <div class=""product-information""><!--/product-information-->
        <h1>{{ page.product }}</h1>
        <p>SKU: {{ page.sku }}</p>
        <img src=""{{ site.url }}/img/rating.png"" alt=""rating"" title=""rating"" /><br>
        <span>
         <span>{{ page.price }}</span>        
         <label>Stok:<a href=""http://stok.lipatan.com"" target=""_blank"" title=""Cek Stok"">
          <script type=""text/javascript"">
          <!--
          document.write(unescape('%3c%62%75%74%74%6f%6e%20%74%79%70%65%3d%22%62%75%74%74%6f%6e%22%20%63%6c%61%73%73%3d%22%62%74%6e%20%62%74%6e%2d%66%65%66%61%75%6c%74%20%63%61%72%74%22%3e%09%09%09%09%09%09%09%09%09%09%3c%69%20%63%6c%61%73%73%3d%22%66%61%20%66%61%2d%73%68%6f%70%70%69%6e%67%2d%63%61%72%74%22%3e%3c%2f%69%3e%09%09%09%09%09%09%09%09%09%09%43%65%6b%20%53%74%6f%6b%3c%2f%62%75%74%74%6f%6e%3e'));
          //-->
          </script>
          </a>
         </label>
        </span>
        <p><b>Kondisi:</b> {{ page.kondisi }}</p>
        <p><b>Deskripsi:</b> {{ page.description }}</p>
        {% include buy.html %}
       </div><!--/product-information-->
      </div>
     </div><!--/product-details-->
     
     <div class=""category-tab shop-details-tab""><!--category-tab-->
      <div class=""col-sm-12"">
       <ul class=""nav nav-tabs"">
        <li class=""active""><a href=""{{ site.url }}{{ page.url }}#keterangan"" data-toggle=""tab"" title=""Keterangan"">Keterangan</a></li>        
       </ul>
      </div>
      <div class=""tab-content"">
       <div class=""tab-pane fade active in"" id=""keterangan"" >
        <div class=""col-sm-12"">
         <h2>{{ page.product }}</h2>         
         <ol class=""breadcrumb"">
            <li class=""active"">Tag :</li>
            <li><a href=""{{ site.url }}/{{ page.jenis }}"" title=""{{ page.jenis }}"">{{ page.jenis }}</a></li>
            <li><a href=""{{ site.url }}/{{ page.brand }}"" title=""{{ page.brand }}"">{{ page.brand }}</a></li>  
         </ol>         
         <p>Tampil trendy dengan Perlengkapan Bayi merek Inficlo. Brand fashion asal Bandung. Cocok untuk hadiah orang yang Anda sayangi agar terlihat lebih gaya, tampil berbeda dan percaya diri. Gendongan Bayi / Baby Kit - SPV 119 dengan bahan TWILL ini dijamin awet.<br/>Kode : SPV 119<br/>Warna : COKLAT<br/>Bahan : TWILL<br/>Ukuran : All Size<br/>Berat : 0.4 kg<br/><br>
         </p>

         <p style=""background-color: #5cb85c; color: #ffffff; padding: 5px; text-align: center; display: inline-block; box-shadow: 0 1px 3px rgba(0,0,0,0.12), 0 1px 2px rgba(0,0,0,0.24);"">
         ID Penjual : BDRS<br>
         Lokasi : Bandung</p>

         {% include share.html %}

         {% include disqus.html %}
         
        </div>
       </div>       
       
      </div>
     </div><!--/category-tab-->",2017-02-11,html,perlengkapan-bayi,inficlo,perlengkapan-bayi,inficlo,"Perlengkapan Bayi Bahan TWILL, Ukuran All Size, Warna COKLAT",https://images.lipatan.com/katalog-inficlo-2017/foto-produk-satuan/482-spv-119.jpg,Gendongan Bayi / Baby Kit - SPV 119,Rp 88.900,SPV 119,Baru
Jual Gendongan Bayi / Baby Kit - SPV 215 Murah,gendongan-bayi-baby-kit-spv-215,"
     <div class=""product-details""><!--product-details-->
      <div class=""col-sm-5"">
       <div class=""view-product"">
        <img src=""{{ page.image }}"" alt=""{{ page.product }}"" title=""{{ page.product }}"" />
        <h3><a style=""text-decoration: none; color: #ffffff"" href=""{{ page.image }}"" target=""_blank"" title=""Klik disini untuk memperbesar"">ZOOM</a></h3>
       </div>
      </div>

      <div class=""col-sm-7"">
       <div class=""product-information""><!--/product-information-->
        <h1>{{ page.product }}</h1>
        <p>SKU: {{ page.sku }}</p>
        <img src=""{{ site.url }}/img/rating.png"" alt=""rating"" title=""rating"" /><br>
        <span>
         <span>{{ page.price }}</span>        
         <label>Stok:<a href=""http://stok.lipatan.com"" target=""_blank"" title=""Cek Stok"">
          <script type=""text/javascript"">
          <!--
          document.write(unescape('%3c%62%75%74%74%6f%6e%20%74%79%70%65%3d%22%62%75%74%74%6f%6e%22%20%63%6c%61%73%73%3d%22%62%74%6e%20%62%74%6e%2d%66%65%66%61%75%6c%74%20%63%61%72%74%22%3e%09%09%09%09%09%09%09%09%09%09%3c%69%20%63%6c%61%73%73%3d%22%66%61%20%66%61%2d%73%68%6f%70%70%69%6e%67%2d%63%61%72%74%22%3e%3c%2f%69%3e%09%09%09%09%09%09%09%09%09%09%43%65%6b%20%53%74%6f%6b%3c%2f%62%75%74%74%6f%6e%3e'));
          //-->
          </script>
          </a>
         </label>
        </span>
        <p><b>Kondisi:</b> {{ page.kondisi }}</p>
        <p><b>Deskripsi:</b> {{ page.description }}</p>
        {% include buy.html %}
       </div><!--/product-information-->
      </div>
     </div><!--/product-details-->
     
     <div class=""category-tab shop-details-tab""><!--category-tab-->
      <div class=""col-sm-12"">
       <ul class=""nav nav-tabs"">
        <li class=""active""><a href=""{{ site.url }}{{ page.url }}#keterangan"" data-toggle=""tab"" title=""Keterangan"">Keterangan</a></li>        
       </ul>
      </div>
      <div class=""tab-content"">
       <div class=""tab-pane fade active in"" id=""keterangan"" >
        <div class=""col-sm-12"">
         <h2>{{ page.product }}</h2>         
         <ol class=""breadcrumb"">
            <li class=""active"">Tag :</li>
            <li><a href=""{{ site.url }}/{{ page.jenis }}"" title=""{{ page.jenis }}"">{{ page.jenis }}</a></li>
            <li><a href=""{{ site.url }}/{{ page.brand }}"" title=""{{ page.brand }}"">{{ page.brand }}</a></li>  
         </ol>         
         <p>Tampil trendy dengan Perlengkapan Bayi merek Inficlo. Brand fashion asal Bandung. Cocok untuk hadiah orang yang Anda sayangi agar terlihat lebih gaya, tampil berbeda dan percaya diri. Gendongan Bayi / Baby Kit - SPV 215 dengan bahan TWILL ini dijamin awet.<br/>Kode : SPV 215<br/>Warna : COKLAT<br/>Bahan : TWILL<br/>Ukuran : All Size<br/>Berat : 0.4 kg<br/><br>
         </p>

         <p style=""background-color: #5cb85c; color: #ffffff; padding: 5px; text-align: center; display: inline-block; box-shadow: 0 1px 3px rgba(0,0,0,0.12), 0 1px 2px rgba(0,0,0,0.24);"">
         ID Penjual : BDRS<br>
         Lokasi : Bandung</p>

         {% include share.html %}

         {% include disqus.html %}
         
        </div>
       </div>       
       
      </div>
     </div><!--/category-tab-->",2017-02-11,html,perlengkapan-bayi,inficlo,perlengkapan-bayi,inficlo,"Perlengkapan Bayi Bahan TWILL, Ukuran All Size, Warna COKLAT",https://images.lipatan.com/katalog-inficlo-2017/foto-produk-satuan/483-spv-215.jpg,Gendongan Bayi / Baby Kit - SPV 215,Rp 88.900,SPV 215,Baru
Jual Selimut Bayi / Baby Kit - SPV 101 Murah,selimut-bayi-baby-kit-spv-101,"
     <div class=""product-details""><!--product-details-->
      <div class=""col-sm-5"">
       <div class=""view-product"">
        <img src=""{{ page.image }}"" alt=""{{ page.product }}"" title=""{{ page.product }}"" />
        <h3><a style=""text-decoration: none; color: #ffffff"" href=""{{ page.image }}"" target=""_blank"" title=""Klik disini untuk memperbesar"">ZOOM</a></h3>
       </div>
      </div>

      <div class=""col-sm-7"">
       <div class=""product-information""><!--/product-information-->
        <h1>{{ page.product }}</h1>
        <p>SKU: {{ page.sku }}</p>
        <img src=""{{ site.url }}/img/rating.png"" alt=""rating"" title=""rating"" /><br>
        <span>
         <span>{{ page.price }}</span>        
         <label>Stok:<a href=""http://stok.lipatan.com"" target=""_blank"" title=""Cek Stok"">
          <script type=""text/javascript"">
          <!--
          document.write(unescape('%3c%62%75%74%74%6f%6e%20%74%79%70%65%3d%22%62%75%74%74%6f%6e%22%20%63%6c%61%73%73%3d%22%62%74%6e%20%62%74%6e%2d%66%65%66%61%75%6c%74%20%63%61%72%74%22%3e%09%09%09%09%09%09%09%09%09%09%3c%69%20%63%6c%61%73%73%3d%22%66%61%20%66%61%2d%73%68%6f%70%70%69%6e%67%2d%63%61%72%74%22%3e%3c%2f%69%3e%09%09%09%09%09%09%09%09%09%09%43%65%6b%20%53%74%6f%6b%3c%2f%62%75%74%74%6f%6e%3e'));
          //-->
          </script>
          </a>
         </label>
        </span>
        <p><b>Kondisi:</b> {{ page.kondisi }}</p>
        <p><b>Deskripsi:</b> {{ page.description }}</p>
        {% include buy.html %}
       </div><!--/product-information-->
      </div>
     </div><!--/product-details-->
     
     <div class=""category-tab shop-details-tab""><!--category-tab-->
      <div class=""col-sm-12"">
       <ul class=""nav nav-tabs"">
        <li class=""active""><a href=""{{ site.url }}{{ page.url }}#keterangan"" data-toggle=""tab"" title=""Keterangan"">Keterangan</a></li>        
       </ul>
      </div>
      <div class=""tab-content"">
       <div class=""tab-pane fade active in"" id=""keterangan"" >
        <div class=""col-sm-12"">
         <h2>{{ page.product }}</h2>         
         <ol class=""breadcrumb"">
            <li class=""active"">Tag :</li>
            <li><a href=""{{ site.url }}/{{ page.jenis }}"" title=""{{ page.jenis }}"">{{ page.jenis }}</a></li>
            <li><a href=""{{ site.url }}/{{ page.brand }}"" title=""{{ page.brand }}"">{{ page.brand }}</a></li>  
         </ol>         
         <p>Tampil trendy dengan Perlengkapan Bayi merek Inficlo. Brand fashion asal Bandung. Cocok untuk hadiah orang yang Anda sayangi agar terlihat lebih gaya, tampil berbeda dan percaya diri. Selimut Bayi / Baby Kit - SPV 101 dengan bahan TWILL ini dijamin awet.<br/>Kode : SPV 101<br/>Warna : COKLAT<br/>Bahan : TWILL<br/>Ukuran : All Size<br/>Berat : 0.4 kg<br/><br>
         </p>

         <p style=""background-color: #5cb85c; color: #ffffff; padding: 5px; text-align: center; display: inline-block; box-shadow: 0 1px 3px rgba(0,0,0,0.12), 0 1px 2px rgba(0,0,0,0.24);"">
         ID Penjual : BDRS<br>
         Lokasi : Bandung</p>

         {% include share.html %}

         {% include disqus.html %}
         
        </div>
       </div>       
       
      </div>
     </div><!--/category-tab-->",2017-02-11,html,perlengkapan-bayi,inficlo,perlengkapan-bayi,inficlo,"Perlengkapan Bayi Bahan TWILL, Ukuran All Size, Warna COKLAT",https://images.lipatan.com/katalog-inficlo-2017/foto-produk-satuan/484-spv-101.jpg,Selimut Bayi / Baby Kit - SPV 101,Rp 88.900,SPV 101,Baru
Jual Jumper Bayi Anak Laki-Laki  - T 0251 Murah,jumper-bayi-anak-laki-laki-t-0251,"
     <div class=""product-details""><!--product-details-->
      <div class=""col-sm-5"">
       <div class=""view-product"">
        <img src=""{{ page.image }}"" alt=""{{ page.product }}"" title=""{{ page.product }}"" />
        <h3><a style=""text-decoration: none; color: #ffffff"" href=""{{ page.image }}"" target=""_blank"" title=""Klik disini untuk memperbesar"">ZOOM</a></h3>
       </div>
      </div>

      <div class=""col-sm-7"">
       <div class=""product-information""><!--/product-information-->
        <h1>{{ page.product }}</h1>
        <p>SKU: {{ page.sku }}</p>
        <img src=""{{ site.url }}/img/rating.png"" alt=""rating"" title=""rating"" /><br>
        <span>
         <span>{{ page.price }}</span>        
         <label>Stok:<a href=""http://stok.lipatan.com"" target=""_blank"" title=""Cek Stok"">
          <script type=""text/javascript"">
          <!--
          document.write(unescape('%3c%62%75%74%74%6f%6e%20%74%79%70%65%3d%22%62%75%74%74%6f%6e%22%20%63%6c%61%73%73%3d%22%62%74%6e%20%62%74%6e%2d%66%65%66%61%75%6c%74%20%63%61%72%74%22%3e%09%09%09%09%09%09%09%09%09%09%3c%69%20%63%6c%61%73%73%3d%22%66%61%20%66%61%2d%73%68%6f%70%70%69%6e%67%2d%63%61%72%74%22%3e%3c%2f%69%3e%09%09%09%09%09%09%09%09%09%09%43%65%6b%20%53%74%6f%6b%3c%2f%62%75%74%74%6f%6e%3e'));
          //-->
          </script>
          </a>
         </label>
        </span>
        <p><b>Kondisi:</b> {{ page.kondisi }}</p>
        <p><b>Deskripsi:</b> {{ page.description }}</p>
        {% include buy.html %}
       </div><!--/product-information-->
      </div>
     </div><!--/product-details-->
     
     <div class=""category-tab shop-details-tab""><!--category-tab-->
      <div class=""col-sm-12"">
       <ul class=""nav nav-tabs"">
        <li class=""active""><a href=""{{ site.url }}{{ page.url }}#keterangan"" data-toggle=""tab"" title=""Keterangan"">Keterangan</a></li>        
       </ul>
      </div>
      <div class=""tab-content"">
       <div class=""tab-pane fade active in"" id=""keterangan"" >
        <div class=""col-sm-12"">
         <h2>{{ page.product }}</h2>         
         <ol class=""breadcrumb"">
            <li class=""active"">Tag :</li>
            <li><a href=""{{ site.url }}/{{ page.jenis }}"" title=""{{ page.jenis }}"">{{ page.jenis }}</a></li>
            <li><a href=""{{ site.url }}/{{ page.brand }}"" title=""{{ page.brand }}"">{{ page.brand }}</a></li>  
         </ol>         
         <p>Tampil trendy dengan Perlengkapan Bayi merek TDLR. Brand fashion asal Bandung. Cocok untuk hadiah orang yang Anda sayangi agar terlihat lebih gaya, tampil berbeda dan percaya diri. Jumper Bayi Anak Laki-Laki  - T 0251 dengan bahan COTTON COMBED ini dijamin awet.<br/>Kode : T 0251<br/>Warna : BLUE COMB<br/>Bahan : COTTON COMBED<br/>Ukuran : All Size<br/>Berat : 0.4 kg<br>
         </p>

         <p style=""background-color: #5cb85c; color: #ffffff; padding: 5px; text-align: center; display: inline-block; box-shadow: 0 1px 3px rgba(0,0,0,0.12), 0 1px 2px rgba(0,0,0,0.24);"">
         ID Penjual : BDRS<br>
         Lokasi : Bandung</p>

         {% include share.html %}

         {% include disqus.html %}
         
        </div>
       </div>       
       
      </div>
     </div><!--/category-tab-->",2017-02-15,html,perlengkapan-bayi,tdlr,perlengkapan-bayi,tdlr,"Perlengkapan Bayi Bahan COTTON COMBED, Ukuran All Size, Warna BLUE COMB",https://images.lipatan.com/katalog-tdlr-2017/foto-produk-satuan/115-t-0251.jpg,Jumper Bayi Anak Laki-Laki  - T 0251,Rp 95.900,T 0251,Baru
Jual Jumper Bayi Anak Laki-Laki  - T 0254 Murah,jumper-bayi-anak-laki-laki-t-0254,"
     <div class=""product-details""><!--product-details-->
      <div class=""col-sm-5"">
       <div class=""view-product"">
        <img src=""{{ page.image }}"" alt=""{{ page.product }}"" title=""{{ page.product }}"" />
        <h3><a style=""text-decoration: none; color: #ffffff"" href=""{{ page.image }}"" target=""_blank"" title=""Klik disini untuk memperbesar"">ZOOM</a></h3>
       </div>
      </div>

      <div class=""col-sm-7"">
       <div class=""product-information""><!--/product-information-->
        <h1>{{ page.product }}</h1>
        <p>SKU: {{ page.sku }}</p>
        <img src=""{{ site.url }}/img/rating.png"" alt=""rating"" title=""rating"" /><br>
        <span>
         <span>{{ page.price }}</span>        
         <label>Stok:<a href=""http://stok.lipatan.com"" target=""_blank"" title=""Cek Stok"">
          <script type=""text/javascript"">
          <!--
          document.write(unescape('%3c%62%75%74%74%6f%6e%20%74%79%70%65%3d%22%62%75%74%74%6f%6e%22%20%63%6c%61%73%73%3d%22%62%74%6e%20%62%74%6e%2d%66%65%66%61%75%6c%74%20%63%61%72%74%22%3e%09%09%09%09%09%09%09%09%09%09%3c%69%20%63%6c%61%73%73%3d%22%66%61%20%66%61%2d%73%68%6f%70%70%69%6e%67%2d%63%61%72%74%22%3e%3c%2f%69%3e%09%09%09%09%09%09%09%09%09%09%43%65%6b%20%53%74%6f%6b%3c%2f%62%75%74%74%6f%6e%3e'));
          //-->
          </script>
          </a>
         </label>
        </span>
        <p><b>Kondisi:</b> {{ page.kondisi }}</p>
        <p><b>Deskripsi:</b> {{ page.description }}</p>
        {% include buy.html %}
       </div><!--/product-information-->
      </div>
     </div><!--/product-details-->
     
     <div class=""category-tab shop-details-tab""><!--category-tab-->
      <div class=""col-sm-12"">
       <ul class=""nav nav-tabs"">
        <li class=""active""><a href=""{{ site.url }}{{ page.url }}#keterangan"" data-toggle=""tab"" title=""Keterangan"">Keterangan</a></li>        
       </ul>
      </div>
      <div class=""tab-content"">
       <div class=""tab-pane fade active in"" id=""keterangan"" >
        <div class=""col-sm-12"">
         <h2>{{ page.product }}</h2>         
         <ol class=""breadcrumb"">
            <li class=""active"">Tag :</li>
            <li><a href=""{{ site.url }}/{{ page.jenis }}"" title=""{{ page.jenis }}"">{{ page.jenis }}</a></li>
            <li><a href=""{{ site.url }}/{{ page.brand }}"" title=""{{ page.brand }}"">{{ page.brand }}</a></li>  
         </ol>         
         <p>Tampil trendy dengan Perlengkapan Bayi merek TDLR. Brand fashion asal Bandung. Cocok untuk hadiah orang yang Anda sayangi agar terlihat lebih gaya, tampil berbeda dan percaya diri. Jumper Bayi Anak Laki-Laki  - T 0254 dengan bahan COTTON COMBED ini dijamin awet.<br/>Kode : T 0254<br/>Warna : PURPLE<br/>Bahan : COTTON COMBED<br/>Ukuran : All Size<br/>Berat : 0.4 kg<br>
         </p>

         <p style=""background-color: #5cb85c; color: #ffffff; padding: 5px; text-align: center; display: inline-block; box-shadow: 0 1px 3px rgba(0,0,0,0.12), 0 1px 2px rgba(0,0,0,0.24);"">
         ID Penjual : BDRS<br>
         Lokasi : Bandung</p>

         {% include share.html %}

         {% include disqus.html %}
         
        </div>
       </div>       
       
      </div>
     </div><!--/category-tab-->",2017-02-15,html,perlengkapan-bayi,tdlr,perlengkapan-bayi,tdlr,"Perlengkapan Bayi Bahan COTTON COMBED, Ukuran All Size, Warna PURPLE",https://images.lipatan.com/katalog-tdlr-2017/foto-produk-satuan/116-t-0254.jpg,Jumper Bayi Anak Laki-Laki  - T 0254,Rp 95.900,T 0254,Baru
Jual Jumper Bayi Anak Laki-Laki  - T 0253 Murah,jumper-bayi-anak-laki-laki-t-0253,"
     <div class=""product-details""><!--product-details-->
      <div class=""col-sm-5"">
       <div class=""view-product"">
        <img src=""{{ page.image }}"" alt=""{{ page.product }}"" title=""{{ page.product }}"" />
        <h3><a style=""text-decoration: none; color: #ffffff"" href=""{{ page.image }}"" target=""_blank"" title=""Klik disini untuk memperbesar"">ZOOM</a></h3>
       </div>
      </div>

      <div class=""col-sm-7"">
       <div class=""product-information""><!--/product-information-->
        <h1>{{ page.product }}</h1>
        <p>SKU: {{ page.sku }}</p>
        <img src=""{{ site.url }}/img/rating.png"" alt=""rating"" title=""rating"" /><br>
        <span>
         <span>{{ page.price }}</span>        
         <label>Stok:<a href=""http://stok.lipatan.com"" target=""_blank"" title=""Cek Stok"">
          <script type=""text/javascript"">
          <!--
          document.write(unescape('%3c%62%75%74%74%6f%6e%20%74%79%70%65%3d%22%62%75%74%74%6f%6e%22%20%63%6c%61%73%73%3d%22%62%74%6e%20%62%74%6e%2d%66%65%66%61%75%6c%74%20%63%61%72%74%22%3e%09%09%09%09%09%09%09%09%09%09%3c%69%20%63%6c%61%73%73%3d%22%66%61%20%66%61%2d%73%68%6f%70%70%69%6e%67%2d%63%61%72%74%22%3e%3c%2f%69%3e%09%09%09%09%09%09%09%09%09%09%43%65%6b%20%53%74%6f%6b%3c%2f%62%75%74%74%6f%6e%3e'));
          //-->
          </script>
          </a>
         </label>
        </span>
        <p><b>Kondisi:</b> {{ page.kondisi }}</p>
        <p><b>Deskripsi:</b> {{ page.description }}</p>
        {% include buy.html %}
       </div><!--/product-information-->
      </div>
     </div><!--/product-details-->
     
     <div class=""category-tab shop-details-tab""><!--category-tab-->
      <div class=""col-sm-12"">
       <ul class=""nav nav-tabs"">
        <li class=""active""><a href=""{{ site.url }}{{ page.url }}#keterangan"" data-toggle=""tab"" title=""Keterangan"">Keterangan</a></li>        
       </ul>
      </div>
      <div class=""tab-content"">
       <div class=""tab-pane fade active in"" id=""keterangan"" >
        <div class=""col-sm-12"">
         <h2>{{ page.product }}</h2>         
         <ol class=""breadcrumb"">
            <li class=""active"">Tag :</li>
            <li><a href=""{{ site.url }}/{{ page.jenis }}"" title=""{{ page.jenis }}"">{{ page.jenis }}</a></li>
            <li><a href=""{{ site.url }}/{{ page.brand }}"" title=""{{ page.brand }}"">{{ page.brand }}</a></li>  
         </ol>         
         <p>Tampil trendy dengan Perlengkapan Bayi merek TDLR. Brand fashion asal Bandung. Cocok untuk hadiah orang yang Anda sayangi agar terlihat lebih gaya, tampil berbeda dan percaya diri. Jumper Bayi Anak Laki-Laki  - T 0253 dengan bahan COTTON COMBED ini dijamin awet.<br/>Kode : T 0253<br/>Warna : MAROON<br/>Bahan : COTTON COMBED<br/>Ukuran : All Size<br/>Berat : 0.4 kg<br>
         </p>

         <p style=""background-color: #5cb85c; color: #ffffff; padding: 5px; text-align: center; display: inline-block; box-shadow: 0 1px 3px rgba(0,0,0,0.12), 0 1px 2px rgba(0,0,0,0.24);"">
         ID Penjual : BDRS<br>
         Lokasi : Bandung</p>

         {% include share.html %}

         {% include disqus.html %}
         
        </div>
       </div>       
       
      </div>
     </div><!--/category-tab-->",2017-02-15,html,perlengkapan-bayi,tdlr,perlengkapan-bayi,tdlr,"Perlengkapan Bayi Bahan COTTON COMBED, Ukuran All Size, Warna MAROON",https://images.lipatan.com/katalog-tdlr-2017/foto-produk-satuan/117-t-0253.jpg,Jumper Bayi Anak Laki-Laki  - T 0253,Rp 95.900,T 0253,Baru
Jual Jumper Bayi Anak Laki-Laki  - T 0252 Murah,jumper-bayi-anak-laki-laki-t-0252,"
     <div class=""product-details""><!--product-details-->
      <div class=""col-sm-5"">
       <div class=""view-product"">
        <img src=""{{ page.image }}"" alt=""{{ page.product }}"" title=""{{ page.product }}"" />
        <h3><a style=""text-decoration: none; color: #ffffff"" href=""{{ page.image }}"" target=""_blank"" title=""Klik disini untuk memperbesar"">ZOOM</a></h3>
       </div>
      </div>

      <div class=""col-sm-7"">
       <div class=""product-information""><!--/product-information-->
        <h1>{{ page.product }}</h1>
        <p>SKU: {{ page.sku }}</p>
        <img src=""{{ site.url }}/img/rating.png"" alt=""rating"" title=""rating"" /><br>
        <span>
         <span>{{ page.price }}</span>        
         <label>Stok:<a href=""http://stok.lipatan.com"" target=""_blank"" title=""Cek Stok"">
          <script type=""text/javascript"">
          <!--
          document.write(unescape('%3c%62%75%74%74%6f%6e%20%74%79%70%65%3d%22%62%75%74%74%6f%6e%22%20%63%6c%61%73%73%3d%22%62%74%6e%20%62%74%6e%2d%66%65%66%61%75%6c%74%20%63%61%72%74%22%3e%09%09%09%09%09%09%09%09%09%09%3c%69%20%63%6c%61%73%73%3d%22%66%61%20%66%61%2d%73%68%6f%70%70%69%6e%67%2d%63%61%72%74%22%3e%3c%2f%69%3e%09%09%09%09%09%09%09%09%09%09%43%65%6b%20%53%74%6f%6b%3c%2f%62%75%74%74%6f%6e%3e'));
          //-->
          </script>
          </a>
         </label>
        </span>
        <p><b>Kondisi:</b> {{ page.kondisi }}</p>
        <p><b>Deskripsi:</b> {{ page.description }}</p>
        {% include buy.html %}
       </div><!--/product-information-->
      </div>
     </div><!--/product-details-->
     
     <div class=""category-tab shop-details-tab""><!--category-tab-->
      <div class=""col-sm-12"">
       <ul class=""nav nav-tabs"">
        <li class=""active""><a href=""{{ site.url }}{{ page.url }}#keterangan"" data-toggle=""tab"" title=""Keterangan"">Keterangan</a></li>        
       </ul>
      </div>
      <div class=""tab-content"">
       <div class=""tab-pane fade active in"" id=""keterangan"" >
        <div class=""col-sm-12"">
         <h2>{{ page.product }}</h2>         
         <ol class=""breadcrumb"">
            <li class=""active"">Tag :</li>
            <li><a href=""{{ site.url }}/{{ page.jenis }}"" title=""{{ page.jenis }}"">{{ page.jenis }}</a></li>
            <li><a href=""{{ site.url }}/{{ page.brand }}"" title=""{{ page.brand }}"">{{ page.brand }}</a></li>  
         </ol>         
         <p>Tampil trendy dengan Perlengkapan Bayi merek TDLR. Brand fashion asal Bandung. Cocok untuk hadiah orang yang Anda sayangi agar terlihat lebih gaya, tampil berbeda dan percaya diri. Jumper Bayi Anak Laki-Laki  - T 0252 dengan bahan COTTON COMBED ini dijamin awet.<br/>Kode : T 0252<br/>Warna : WHITE COMB<br/>Bahan : COTTON COMBED<br/>Ukuran : All Size<br/>Berat : 0.4 kg<br>
         </p>

         <p style=""background-color: #5cb85c; color: #ffffff; padding: 5px; text-align: center; display: inline-block; box-shadow: 0 1px 3px rgba(0,0,0,0.12), 0 1px 2px rgba(0,0,0,0.24);"">
         ID Penjual : BDRS<br>
         Lokasi : Bandung</p>

         {% include share.html %}

         {% include disqus.html %}
         
        </div>
       </div>       
       
      </div>
     </div><!--/category-tab-->",2017-02-15,html,perlengkapan-bayi,tdlr,perlengkapan-bayi,tdlr,"Perlengkapan Bayi Bahan COTTON COMBED, Ukuran All Size, Warna WHITE COMB",https://images.lipatan.com/katalog-tdlr-2017/foto-produk-satuan/118-t-0252.jpg,Jumper Bayi Anak Laki-Laki  - T 0252,Rp 94.900,T 0252,Baru
Jual Setelan Jumper Anak Laki-Laki  - T 0751 Murah,setelan-jumper-anak-laki-laki-t-0751,"
     <div class=""product-details""><!--product-details-->
      <div class=""col-sm-5"">
       <div class=""view-product"">
        <img src=""{{ page.image }}"" alt=""{{ page.product }}"" title=""{{ page.product }}"" />
        <h3><a style=""text-decoration: none; color: #ffffff"" href=""{{ page.image }}"" target=""_blank"" title=""Klik disini untuk memperbesar"">ZOOM</a></h3>
       </div>
      </div>

      <div class=""col-sm-7"">
       <div class=""product-information""><!--/product-information-->
        <h1>{{ page.product }}</h1>
        <p>SKU: {{ page.sku }}</p>
        <img src=""{{ site.url }}/img/rating.png"" alt=""rating"" title=""rating"" /><br>
        <span>
         <span>{{ page.price }}</span>        
         <label>Stok:<a href=""http://stok.lipatan.com"" target=""_blank"" title=""Cek Stok"">
          <script type=""text/javascript"">
          <!--
          document.write(unescape('%3c%62%75%74%74%6f%6e%20%74%79%70%65%3d%22%62%75%74%74%6f%6e%22%20%63%6c%61%73%73%3d%22%62%74%6e%20%62%74%6e%2d%66%65%66%61%75%6c%74%20%63%61%72%74%22%3e%09%09%09%09%09%09%09%09%09%09%3c%69%20%63%6c%61%73%73%3d%22%66%61%20%66%61%2d%73%68%6f%70%70%69%6e%67%2d%63%61%72%74%22%3e%3c%2f%69%3e%09%09%09%09%09%09%09%09%09%09%43%65%6b%20%53%74%6f%6b%3c%2f%62%75%74%74%6f%6e%3e'));
          //-->
          </script>
          </a>
         </label>
        </span>
        <p><b>Kondisi:</b> {{ page.kondisi }}</p>
        <p><b>Deskripsi:</b> {{ page.description }}</p>
        {% include buy.html %}
       </div><!--/product-information-->
      </div>
     </div><!--/product-details-->
     
     <div class=""category-tab shop-details-tab""><!--category-tab-->
      <div class=""col-sm-12"">
       <ul class=""nav nav-tabs"">
        <li class=""active""><a href=""{{ site.url }}{{ page.url }}#keterangan"" data-toggle=""tab"" title=""Keterangan"">Keterangan</a></li>        
       </ul>
      </div>
      <div class=""tab-content"">
       <div class=""tab-pane fade active in"" id=""keterangan"" >
        <div class=""col-sm-12"">
         <h2>{{ page.product }}</h2>         
         <ol class=""breadcrumb"">
            <li class=""active"">Tag :</li>
            <li><a href=""{{ site.url }}/{{ page.jenis }}"" title=""{{ page.jenis }}"">{{ page.jenis }}</a></li>
            <li><a href=""{{ site.url }}/{{ page.brand }}"" title=""{{ page.brand }}"">{{ page.brand }}</a></li>  
         </ol>         
         <p>Tampil trendy dengan Perlengkapan Bayi merek TDLR. Brand fashion asal Bandung. Cocok untuk hadiah orang yang Anda sayangi agar terlihat lebih gaya, tampil berbeda dan percaya diri. Setelan Jumper Anak Laki-Laki  - T 0751 dengan bahan COTTON COMBED ini dijamin awet.<br/>Kode : T 0751<br/>Warna : WHITE COMB<br/>Bahan : COTTON COMBED<br/>Ukuran : All Size<br/>Berat : 0.4 kg<br>
         </p>

         <p style=""background-color: #5cb85c; color: #ffffff; padding: 5px; text-align: center; display: inline-block; box-shadow: 0 1px 3px rgba(0,0,0,0.12), 0 1px 2px rgba(0,0,0,0.24);"">
         ID Penjual : BDRS<br>
         Lokasi : Bandung</p>

         {% include share.html %}

         {% include disqus.html %}
         
        </div>
       </div>       
       
      </div>
     </div><!--/category-tab-->",2017-02-15,html,perlengkapan-bayi,tdlr,perlengkapan-bayi,tdlr,"Perlengkapan Bayi Bahan COTTON COMBED, Ukuran All Size, Warna WHITE COMB",https://images.lipatan.com/katalog-tdlr-2017/foto-produk-satuan/119-t-0751.jpg,Setelan Jumper Anak Laki-Laki  - T 0751,Rp 119.900,T 0751,Baru
Jual Setelan Jumper Anak Laki-Laki  - T 0163 Murah,setelan-jumper-anak-laki-laki-t-0163,"
     <div class=""product-details""><!--product-details-->
      <div class=""col-sm-5"">
       <div class=""view-product"">
        <img src=""{{ page.image }}"" alt=""{{ page.product }}"" title=""{{ page.product }}"" />
        <h3><a style=""text-decoration: none; color: #ffffff"" href=""{{ page.image }}"" target=""_blank"" title=""Klik disini untuk memperbesar"">ZOOM</a></h3>
       </div>
      </div>

      <div class=""col-sm-7"">
       <div class=""product-information""><!--/product-information-->
        <h1>{{ page.product }}</h1>
        <p>SKU: {{ page.sku }}</p>
        <img src=""{{ site.url }}/img/rating.png"" alt=""rating"" title=""rating"" /><br>
        <span>
         <span>{{ page.price }}</span>        
         <label>Stok:<a href=""http://stok.lipatan.com"" target=""_blank"" title=""Cek Stok"">
          <script type=""text/javascript"">
          <!--
          document.write(unescape('%3c%62%75%74%74%6f%6e%20%74%79%70%65%3d%22%62%75%74%74%6f%6e%22%20%63%6c%61%73%73%3d%22%62%74%6e%20%62%74%6e%2d%66%65%66%61%75%6c%74%20%63%61%72%74%22%3e%09%09%09%09%09%09%09%09%09%09%3c%69%20%63%6c%61%73%73%3d%22%66%61%20%66%61%2d%73%68%6f%70%70%69%6e%67%2d%63%61%72%74%22%3e%3c%2f%69%3e%09%09%09%09%09%09%09%09%09%09%43%65%6b%20%53%74%6f%6b%3c%2f%62%75%74%74%6f%6e%3e'));
          //-->
          </script>
          </a>
         </label>
        </span>
        <p><b>Kondisi:</b> {{ page.kondisi }}</p>
        <p><b>Deskripsi:</b> {{ page.description }}</p>
        {% include buy.html %}
       </div><!--/product-information-->
      </div>
     </div><!--/product-details-->
     
     <div class=""category-tab shop-details-tab""><!--category-tab-->
      <div class=""col-sm-12"">
       <ul class=""nav nav-tabs"">
        <li class=""active""><a href=""{{ site.url }}{{ page.url }}#keterangan"" data-toggle=""tab"" title=""Keterangan"">Keterangan</a></li>        
       </ul>
      </div>
      <div class=""tab-content"">
       <div class=""tab-pane fade active in"" id=""keterangan"" >
        <div class=""col-sm-12"">
         <h2>{{ page.product }}</h2>         
         <ol class=""breadcrumb"">
            <li class=""active"">Tag :</li>
            <li><a href=""{{ site.url }}/{{ page.jenis }}"" title=""{{ page.jenis }}"">{{ page.jenis }}</a></li>
            <li><a href=""{{ site.url }}/{{ page.brand }}"" title=""{{ page.brand }}"">{{ page.brand }}</a></li>  
         </ol>         
         <p>Tampil trendy dengan Perlengkapan Bayi merek TDLR. Brand fashion asal Bandung. Cocok untuk hadiah orang yang Anda sayangi agar terlihat lebih gaya, tampil berbeda dan percaya diri. Setelan Jumper Anak Laki-Laki  - T 0163 dengan bahan COTTON COMBED ini dijamin awet.<br/>Kode : T 0163<br/>Warna : WHITE COMB<br/>Bahan : COTTON COMBED<br/>Ukuran : All Size<br/>Berat : 0.4 kg<br>
         </p>

         <p style=""background-color: #5cb85c; color: #ffffff; padding: 5px; text-align: center; display: inline-block; box-shadow: 0 1px 3px rgba(0,0,0,0.12), 0 1px 2px rgba(0,0,0,0.24);"">
         ID Penjual : BDRS<br>
         Lokasi : Bandung</p>

         {% include share.html %}

         {% include disqus.html %}
         
        </div>
       </div>       
       
      </div>
     </div><!--/category-tab-->",2017-02-15,html,perlengkapan-bayi,tdlr,perlengkapan-bayi,tdlr,"Perlengkapan Bayi Bahan COTTON COMBED, Ukuran All Size, Warna WHITE COMB",https://images.lipatan.com/katalog-tdlr-2017/foto-produk-satuan/120-t-0163.jpg,Setelan Jumper Anak Laki-Laki  - T 0163,Rp 119.900,T 0163,Baru
Jual Setelan Jumper Anak Laki-Laki  - T 0752 Murah,setelan-jumper-anak-laki-laki-t-0752,"
     <div class=""product-details""><!--product-details-->
      <div class=""col-sm-5"">
       <div class=""view-product"">
        <img src=""{{ page.image }}"" alt=""{{ page.product }}"" title=""{{ page.product }}"" />
        <h3><a style=""text-decoration: none; color: #ffffff"" href=""{{ page.image }}"" target=""_blank"" title=""Klik disini untuk memperbesar"">ZOOM</a></h3>
       </div>
      </div>

      <div class=""col-sm-7"">
       <div class=""product-information""><!--/product-information-->
        <h1>{{ page.product }}</h1>
        <p>SKU: {{ page.sku }}</p>
        <img src=""{{ site.url }}/img/rating.png"" alt=""rating"" title=""rating"" /><br>
        <span>
         <span>{{ page.price }}</span>        
         <label>Stok:<a href=""http://stok.lipatan.com"" target=""_blank"" title=""Cek Stok"">
          <script type=""text/javascript"">
          <!--
          document.write(unescape('%3c%62%75%74%74%6f%6e%20%74%79%70%65%3d%22%62%75%74%74%6f%6e%22%20%63%6c%61%73%73%3d%22%62%74%6e%20%62%74%6e%2d%66%65%66%61%75%6c%74%20%63%61%72%74%22%3e%09%09%09%09%09%09%09%09%09%09%3c%69%20%63%6c%61%73%73%3d%22%66%61%20%66%61%2d%73%68%6f%70%70%69%6e%67%2d%63%61%72%74%22%3e%3c%2f%69%3e%09%09%09%09%09%09%09%09%09%09%43%65%6b%20%53%74%6f%6b%3c%2f%62%75%74%74%6f%6e%3e'));
          //-->
          </script>
          </a>
         </label>
        </span>
        <p><b>Kondisi:</b> {{ page.kondisi }}</p>
        <p><b>Deskripsi:</b> {{ page.description }}</p>
        {% include buy.html %}
       </div><!--/product-information-->
      </div>
     </div><!--/product-details-->
     
     <div class=""category-tab shop-details-tab""><!--category-tab-->
      <div class=""col-sm-12"">
       <ul class=""nav nav-tabs"">
        <li class=""active""><a href=""{{ site.url }}{{ page.url }}#keterangan"" data-toggle=""tab"" title=""Keterangan"">Keterangan</a></li>        
       </ul>
      </div>
      <div class=""tab-content"">
       <div class=""tab-pane fade active in"" id=""keterangan"" >
        <div class=""col-sm-12"">
         <h2>{{ page.product }}</h2>         
         <ol class=""breadcrumb"">
            <li class=""active"">Tag :</li>
            <li><a href=""{{ site.url }}/{{ page.jenis }}"" title=""{{ page.jenis }}"">{{ page.jenis }}</a></li>
            <li><a href=""{{ site.url }}/{{ page.brand }}"" title=""{{ page.brand }}"">{{ page.brand }}</a></li>  
         </ol>         
         <p>Tampil trendy dengan Perlengkapan Bayi merek TDLR. Brand fashion asal Bandung. Cocok untuk hadiah orang yang Anda sayangi agar terlihat lebih gaya, tampil berbeda dan percaya diri. Setelan Jumper Anak Laki-Laki  - T 0752 dengan bahan COTTON COMBED ini dijamin awet.<br/>Kode : T 0752<br/>Warna : WHITE COMB<br/>Bahan : COTTON COMBED<br/>Ukuran : All Size<br/>Berat : 0.4 kg<br>
         </p>

         <p style=""background-color: #5cb85c; color: #ffffff; padding: 5px; text-align: center; display: inline-block; box-shadow: 0 1px 3px rgba(0,0,0,0.12), 0 1px 2px rgba(0,0,0,0.24);"">
         ID Penjual : BDRS<br>
         Lokasi : Bandung</p>

         {% include share.html %}

         {% include disqus.html %}
         
        </div>
       </div>       
       
      </div>
     </div><!--/category-tab-->",2017-02-15,html,perlengkapan-bayi,tdlr,perlengkapan-bayi,tdlr,"Perlengkapan Bayi Bahan COTTON COMBED, Ukuran All Size, Warna WHITE COMB",https://images.lipatan.com/katalog-tdlr-2017/foto-produk-satuan/121-t-0752.jpg,Setelan Jumper Anak Laki-Laki  - T 0752,Rp 119.900,T 0752,Baru
Jual Setelan Jumper Anak Laki-Laki  - T 0721 Murah,setelan-jumper-anak-laki-laki-t-0721,"
     <div class=""product-details""><!--product-details-->
      <div class=""col-sm-5"">
       <div class=""view-product"">
        <img src=""{{ page.image }}"" alt=""{{ page.product }}"" title=""{{ page.product }}"" />
        <h3><a style=""text-decoration: none; color: #ffffff"" href=""{{ page.image }}"" target=""_blank"" title=""Klik disini untuk memperbesar"">ZOOM</a></h3>
       </div>
      </div>

      <div class=""col-sm-7"">
       <div class=""product-information""><!--/product-information-->
        <h1>{{ page.product }}</h1>
        <p>SKU: {{ page.sku }}</p>
        <img src=""{{ site.url }}/img/rating.png"" alt=""rating"" title=""rating"" /><br>
        <span>
         <span>{{ page.price }}</span>        
         <label>Stok:<a href=""http://stok.lipatan.com"" target=""_blank"" title=""Cek Stok"">
          <script type=""text/javascript"">
          <!--
          document.write(unescape('%3c%62%75%74%74%6f%6e%20%74%79%70%65%3d%22%62%75%74%74%6f%6e%22%20%63%6c%61%73%73%3d%22%62%74%6e%20%62%74%6e%2d%66%65%66%61%75%6c%74%20%63%61%72%74%22%3e%09%09%09%09%09%09%09%09%09%09%3c%69%20%63%6c%61%73%73%3d%22%66%61%20%66%61%2d%73%68%6f%70%70%69%6e%67%2d%63%61%72%74%22%3e%3c%2f%69%3e%09%09%09%09%09%09%09%09%09%09%43%65%6b%20%53%74%6f%6b%3c%2f%62%75%74%74%6f%6e%3e'));
          //-->
          </script>
          </a>
         </label>
        </span>
        <p><b>Kondisi:</b> {{ page.kondisi }}</p>
        <p><b>Deskripsi:</b> {{ page.description }}</p>
        {% include buy.html %}
       </div><!--/product-information-->
      </div>
     </div><!--/product-details-->
     
     <div class=""category-tab shop-details-tab""><!--category-tab-->
      <div class=""col-sm-12"">
       <ul class=""nav nav-tabs"">
        <li class=""active""><a href=""{{ site.url }}{{ page.url }}#keterangan"" data-toggle=""tab"" title=""Keterangan"">Keterangan</a></li>        
       </ul>
      </div>
      <div class=""tab-content"">
       <div class=""tab-pane fade active in"" id=""keterangan"" >
        <div class=""col-sm-12"">
         <h2>{{ page.product }}</h2>         
         <ol class=""breadcrumb"">
            <li class=""active"">Tag :</li>
            <li><a href=""{{ site.url }}/{{ page.jenis }}"" title=""{{ page.jenis }}"">{{ page.jenis }}</a></li>
            <li><a href=""{{ site.url }}/{{ page.brand }}"" title=""{{ page.brand }}"">{{ page.brand }}</a></li>  
         </ol>         
         <p>Tampil trendy dengan Perlengkapan Bayi merek TDLR. Brand fashion asal Bandung. Cocok untuk hadiah orang yang Anda sayangi agar terlihat lebih gaya, tampil berbeda dan percaya diri. Setelan Jumper Anak Laki-Laki  - T 0721 dengan bahan COTTON COMBED ini dijamin awet.<br/>Kode : T 0721<br/>Warna : RED<br/>Bahan : COTTON COMBED<br/>Ukuran : All Size<br/>Berat : 0.4 kg<br>
         </p>

         <p style=""background-color: #5cb85c; color: #ffffff; padding: 5px; text-align: center; display: inline-block; box-shadow: 0 1px 3px rgba(0,0,0,0.12), 0 1px 2px rgba(0,0,0,0.24);"">
         ID Penjual : BDRS<br>
         Lokasi : Bandung</p>

         {% include share.html %}

         {% include disqus.html %}
         
        </div>
       </div>       
       
      </div>
     </div><!--/category-tab-->",2017-02-15,html,perlengkapan-bayi,tdlr,perlengkapan-bayi,tdlr,"Perlengkapan Bayi Bahan COTTON COMBED, Ukuran All Size, Warna RED",https://images.lipatan.com/katalog-tdlr-2017/foto-produk-satuan/122-t-0721.jpg,Setelan Jumper Anak Laki-Laki  - T 0721,Rp 110.900,T 0721,Baru
Jual Setelan Kaos Anak Laki-Laki  - T 0255 Murah,setelan-kaos-anak-laki-laki-t-0255,"
     <div class=""product-details""><!--product-details-->
      <div class=""col-sm-5"">
       <div class=""view-product"">
        <img src=""{{ page.image }}"" alt=""{{ page.product }}"" title=""{{ page.product }}"" />
        <h3><a style=""text-decoration: none; color: #ffffff"" href=""{{ page.image }}"" target=""_blank"" title=""Klik disini untuk memperbesar"">ZOOM</a></h3>
       </div>
      </div>

      <div class=""col-sm-7"">
       <div class=""product-information""><!--/product-information-->
        <h1>{{ page.product }}</h1>
        <p>SKU: {{ page.sku }}</p>
        <img src=""{{ site.url }}/img/rating.png"" alt=""rating"" title=""rating"" /><br>
        <span>
         <span>{{ page.price }}</span>        
         <label>Stok:<a href=""http://stok.lipatan.com"" target=""_blank"" title=""Cek Stok"">
          <script type=""text/javascript"">
          <!--
          document.write(unescape('%3c%62%75%74%74%6f%6e%20%74%79%70%65%3d%22%62%75%74%74%6f%6e%22%20%63%6c%61%73%73%3d%22%62%74%6e%20%62%74%6e%2d%66%65%66%61%75%6c%74%20%63%61%72%74%22%3e%09%09%09%09%09%09%09%09%09%09%3c%69%20%63%6c%61%73%73%3d%22%66%61%20%66%61%2d%73%68%6f%70%70%69%6e%67%2d%63%61%72%74%22%3e%3c%2f%69%3e%09%09%09%09%09%09%09%09%09%09%43%65%6b%20%53%74%6f%6b%3c%2f%62%75%74%74%6f%6e%3e'));
          //-->
          </script>
          </a>
         </label>
        </span>
        <p><b>Kondisi:</b> {{ page.kondisi }}</p>
        <p><b>Deskripsi:</b> {{ page.description }}</p>
        {% include buy.html %}
       </div><!--/product-information-->
      </div>
     </div><!--/product-details-->
     
     <div class=""category-tab shop-details-tab""><!--category-tab-->
      <div class=""col-sm-12"">
       <ul class=""nav nav-tabs"">
        <li class=""active""><a href=""{{ site.url }}{{ page.url }}#keterangan"" data-toggle=""tab"" title=""Keterangan"">Keterangan</a></li>        
       </ul>
      </div>
      <div class=""tab-content"">
       <div class=""tab-pane fade active in"" id=""keterangan"" >
        <div class=""col-sm-12"">
         <h2>{{ page.product }}</h2>         
         <ol class=""breadcrumb"">
            <li class=""active"">Tag :</li>
            <li><a href=""{{ site.url }}/{{ page.jenis }}"" title=""{{ page.jenis }}"">{{ page.jenis }}</a></li>
            <li><a href=""{{ site.url }}/{{ page.brand }}"" title=""{{ page.brand }}"">{{ page.brand }}</a></li>  
         </ol>         
         <p>Tampil trendy dengan Perlengkapan Bayi merek TDLR. Brand fashion asal Bandung. Cocok untuk hadiah orang yang Anda sayangi agar terlihat lebih gaya, tampil berbeda dan percaya diri. Setelan Kaos Anak Laki-Laki  - T 0255 dengan bahan COTTON COMBED ini dijamin awet.<br/>Kode : T 0255<br/>Warna : GREY<br/>Bahan : COTTON COMBED<br/>Ukuran : All Size<br/>Berat : 0.4 kg<br>
         </p>

         <p style=""background-color: #5cb85c; color: #ffffff; padding: 5px; text-align: center; display: inline-block; box-shadow: 0 1px 3px rgba(0,0,0,0.12), 0 1px 2px rgba(0,0,0,0.24);"">
         ID Penjual : BDRS<br>
         Lokasi : Bandung</p>

         {% include share.html %}

         {% include disqus.html %}
         
        </div>
       </div>       
       
      </div>
     </div><!--/category-tab-->",2017-02-15,html,perlengkapan-bayi,tdlr,perlengkapan-bayi,tdlr,"Perlengkapan Bayi Bahan COTTON COMBED, Ukuran All Size, Warna GREY",https://images.lipatan.com/katalog-tdlr-2017/foto-produk-satuan/123-t-0255.jpg,Setelan Kaos Anak Laki-Laki  - T 0255,Rp 95.900,T 0255,Baru
Jual Setelan Jumper Anak Laki-Laki  - T 0547 Murah,setelan-jumper-anak-laki-laki-t-0547,"
     <div class=""product-details""><!--product-details-->
      <div class=""col-sm-5"">
       <div class=""view-product"">
        <img src=""{{ page.image }}"" alt=""{{ page.product }}"" title=""{{ page.product }}"" />
        <h3><a style=""text-decoration: none; color: #ffffff"" href=""{{ page.image }}"" target=""_blank"" title=""Klik disini untuk memperbesar"">ZOOM</a></h3>
       </div>
      </div>

      <div class=""col-sm-7"">
       <div class=""product-information""><!--/product-information-->
        <h1>{{ page.product }}</h1>
        <p>SKU: {{ page.sku }}</p>
        <img src=""{{ site.url }}/img/rating.png"" alt=""rating"" title=""rating"" /><br>
        <span>
         <span>{{ page.price }}</span>        
         <label>Stok:<a href=""http://stok.lipatan.com"" target=""_blank"" title=""Cek Stok"">
          <script type=""text/javascript"">
          <!--
          document.write(unescape('%3c%62%75%74%74%6f%6e%20%74%79%70%65%3d%22%62%75%74%74%6f%6e%22%20%63%6c%61%73%73%3d%22%62%74%6e%20%62%74%6e%2d%66%65%66%61%75%6c%74%20%63%61%72%74%22%3e%09%09%09%09%09%09%09%09%09%09%3c%69%20%63%6c%61%73%73%3d%22%66%61%20%66%61%2d%73%68%6f%70%70%69%6e%67%2d%63%61%72%74%22%3e%3c%2f%69%3e%09%09%09%09%09%09%09%09%09%09%43%65%6b%20%53%74%6f%6b%3c%2f%62%75%74%74%6f%6e%3e'));
          //-->
          </script>
          </a>
         </label>
        </span>
        <p><b>Kondisi:</b> {{ page.kondisi }}</p>
        <p><b>Deskripsi:</b> {{ page.description }}</p>
        {% include buy.html %}
       </div><!--/product-information-->
      </div>
     </div><!--/product-details-->
     
     <div class=""category-tab shop-details-tab""><!--category-tab-->
      <div class=""col-sm-12"">
       <ul class=""nav nav-tabs"">
        <li class=""active""><a href=""{{ site.url }}{{ page.url }}#keterangan"" data-toggle=""tab"" title=""Keterangan"">Keterangan</a></li>        
       </ul>
      </div>
      <div class=""tab-content"">
       <div class=""tab-pane fade active in"" id=""keterangan"" >
        <div class=""col-sm-12"">
         <h2>{{ page.product }}</h2>         
         <ol class=""breadcrumb"">
            <li class=""active"">Tag :</li>
            <li><a href=""{{ site.url }}/{{ page.jenis }}"" title=""{{ page.jenis }}"">{{ page.jenis }}</a></li>
            <li><a href=""{{ site.url }}/{{ page.brand }}"" title=""{{ page.brand }}"">{{ page.brand }}</a></li>  
         </ol>         
         <p>Tampil trendy dengan Perlengkapan Bayi merek TDLR. Brand fashion asal Bandung. Cocok untuk hadiah orang yang Anda sayangi agar terlihat lebih gaya, tampil berbeda dan percaya diri. Setelan Jumper Anak Laki-Laki  - T 0547 dengan bahan COTTON COMBED ini dijamin awet.<br/>Kode : T 0547<br/>Warna : CREAM COMB<br/>Bahan : COTTON COMBED<br/>Ukuran : All Size<br/>Berat : 0.4 kg<br>
         </p>

         <p style=""background-color: #5cb85c; color: #ffffff; padding: 5px; text-align: center; display: inline-block; box-shadow: 0 1px 3px rgba(0,0,0,0.12), 0 1px 2px rgba(0,0,0,0.24);"">
         ID Penjual : BDRS<br>
         Lokasi : Bandung</p>

         {% include share.html %}

         {% include disqus.html %}
         
        </div>
       </div>       
       
      </div>
     </div><!--/category-tab-->",2017-02-15,html,perlengkapan-bayi,tdlr,perlengkapan-bayi,tdlr,"Perlengkapan Bayi Bahan COTTON COMBED, Ukuran All Size, Warna CREAM COMB",https://images.lipatan.com/katalog-tdlr-2017/foto-produk-satuan/124-t-0547.jpg,Setelan Jumper Anak Laki-Laki  - T 0547,Rp 113.900,T 0547,Baru
Jual Setelan Kaos Anak Laki-Laki  - T 0546 Murah,setelan-kaos-anak-laki-laki-t-0546,"
     <div class=""product-details""><!--product-details-->
      <div class=""col-sm-5"">
       <div class=""view-product"">
        <img src=""{{ page.image }}"" alt=""{{ page.product }}"" title=""{{ page.product }}"" />
        <h3><a style=""text-decoration: none; color: #ffffff"" href=""{{ page.image }}"" target=""_blank"" title=""Klik disini untuk memperbesar"">ZOOM</a></h3>
       </div>
      </div>

      <div class=""col-sm-7"">
       <div class=""product-information""><!--/product-information-->
        <h1>{{ page.product }}</h1>
        <p>SKU: {{ page.sku }}</p>
        <img src=""{{ site.url }}/img/rating.png"" alt=""rating"" title=""rating"" /><br>
        <span>
         <span>{{ page.price }}</span>        
         <label>Stok:<a href=""http://stok.lipatan.com"" target=""_blank"" title=""Cek Stok"">
          <script type=""text/javascript"">
          <!--
          document.write(unescape('%3c%62%75%74%74%6f%6e%20%74%79%70%65%3d%22%62%75%74%74%6f%6e%22%20%63%6c%61%73%73%3d%22%62%74%6e%20%62%74%6e%2d%66%65%66%61%75%6c%74%20%63%61%72%74%22%3e%09%09%09%09%09%09%09%09%09%09%3c%69%20%63%6c%61%73%73%3d%22%66%61%20%66%61%2d%73%68%6f%70%70%69%6e%67%2d%63%61%72%74%22%3e%3c%2f%69%3e%09%09%09%09%09%09%09%09%09%09%43%65%6b%20%53%74%6f%6b%3c%2f%62%75%74%74%6f%6e%3e'));
          //-->
          </script>
          </a>
         </label>
        </span>
        <p><b>Kondisi:</b> {{ page.kondisi }}</p>
        <p><b>Deskripsi:</b> {{ page.description }}</p>
        {% include buy.html %}
       </div><!--/product-information-->
      </div>
     </div><!--/product-details-->
     
     <div class=""category-tab shop-details-tab""><!--category-tab-->
      <div class=""col-sm-12"">
       <ul class=""nav nav-tabs"">
        <li class=""active""><a href=""{{ site.url }}{{ page.url }}#keterangan"" data-toggle=""tab"" title=""Keterangan"">Keterangan</a></li>        
       </ul>
      </div>
      <div class=""tab-content"">
       <div class=""tab-pane fade active in"" id=""keterangan"" >
        <div class=""col-sm-12"">
         <h2>{{ page.product }}</h2>         
         <ol class=""breadcrumb"">
            <li class=""active"">Tag :</li>
            <li><a href=""{{ site.url }}/{{ page.jenis }}"" title=""{{ page.jenis }}"">{{ page.jenis }}</a></li>
            <li><a href=""{{ site.url }}/{{ page.brand }}"" title=""{{ page.brand }}"">{{ page.brand }}</a></li>  
         </ol>         
         <p>Tampil trendy dengan Perlengkapan Bayi merek TDLR. Brand fashion asal Bandung. Cocok untuk hadiah orang yang Anda sayangi agar terlihat lebih gaya, tampil berbeda dan percaya diri. Setelan Kaos Anak Laki-Laki  - T 0546 dengan bahan COTTON COMBED ini dijamin awet.<br/>Kode : T 0546<br/>Warna : BLUE COMB<br/>Bahan : COTTON COMBED<br/>Ukuran : All Size<br/>Berat : 0.4 kg<br>
         </p>

         <p style=""background-color: #5cb85c; color: #ffffff; padding: 5px; text-align: center; display: inline-block; box-shadow: 0 1px 3px rgba(0,0,0,0.12), 0 1px 2px rgba(0,0,0,0.24);"">
         ID Penjual : BDRS<br>
         Lokasi : Bandung</p>

         {% include share.html %}

         {% include disqus.html %}
         
        </div>
       </div>       
       
      </div>
     </div><!--/category-tab-->",2017-02-15,html,perlengkapan-bayi,tdlr,perlengkapan-bayi,tdlr,"Perlengkapan Bayi Bahan COTTON COMBED, Ukuran All Size, Warna BLUE COMB",https://images.lipatan.com/katalog-tdlr-2017/foto-produk-satuan/125-t-0546.jpg,Setelan Kaos Anak Laki-Laki  - T 0546,Rp 107.900,T 0546,Baru
Jual Setelan Jumper Anak Laki-Laki  - T 0256 Murah,setelan-jumper-anak-laki-laki-t-0256,"
     <div class=""product-details""><!--product-details-->
      <div class=""col-sm-5"">
       <div class=""view-product"">
        <img src=""{{ page.image }}"" alt=""{{ page.product }}"" title=""{{ page.product }}"" />
        <h3><a style=""text-decoration: none; color: #ffffff"" href=""{{ page.image }}"" target=""_blank"" title=""Klik disini untuk memperbesar"">ZOOM</a></h3>
       </div>
      </div>

      <div class=""col-sm-7"">
       <div class=""product-information""><!--/product-information-->
        <h1>{{ page.product }}</h1>
        <p>SKU: {{ page.sku }}</p>
        <img src=""{{ site.url }}/img/rating.png"" alt=""rating"" title=""rating"" /><br>
        <span>
         <span>{{ page.price }}</span>        
         <label>Stok:<a href=""http://stok.lipatan.com"" target=""_blank"" title=""Cek Stok"">
          <script type=""text/javascript"">
          <!--
          document.write(unescape('%3c%62%75%74%74%6f%6e%20%74%79%70%65%3d%22%62%75%74%74%6f%6e%22%20%63%6c%61%73%73%3d%22%62%74%6e%20%62%74%6e%2d%66%65%66%61%75%6c%74%20%63%61%72%74%22%3e%09%09%09%09%09%09%09%09%09%09%3c%69%20%63%6c%61%73%73%3d%22%66%61%20%66%61%2d%73%68%6f%70%70%69%6e%67%2d%63%61%72%74%22%3e%3c%2f%69%3e%09%09%09%09%09%09%09%09%09%09%43%65%6b%20%53%74%6f%6b%3c%2f%62%75%74%74%6f%6e%3e'));
          //-->
          </script>
          </a>
         </label>
        </span>
        <p><b>Kondisi:</b> {{ page.kondisi }}</p>
        <p><b>Deskripsi:</b> {{ page.description }}</p>
        {% include buy.html %}
       </div><!--/product-information-->
      </div>
     </div><!--/product-details-->
     
     <div class=""category-tab shop-details-tab""><!--category-tab-->
      <div class=""col-sm-12"">
       <ul class=""nav nav-tabs"">
        <li class=""active""><a href=""{{ site.url }}{{ page.url }}#keterangan"" data-toggle=""tab"" title=""Keterangan"">Keterangan</a></li>        
       </ul>
      </div>
      <div class=""tab-content"">
       <div class=""tab-pane fade active in"" id=""keterangan"" >
        <div class=""col-sm-12"">
         <h2>{{ page.product }}</h2>         
         <ol class=""breadcrumb"">
            <li class=""active"">Tag :</li>
            <li><a href=""{{ site.url }}/{{ page.jenis }}"" title=""{{ page.jenis }}"">{{ page.jenis }}</a></li>
            <li><a href=""{{ site.url }}/{{ page.brand }}"" title=""{{ page.brand }}"">{{ page.brand }}</a></li>  
         </ol>         
         <p>Tampil trendy dengan Perlengkapan Bayi merek TDLR. Brand fashion asal Bandung. Cocok untuk hadiah orang yang Anda sayangi agar terlihat lebih gaya, tampil berbeda dan percaya diri. Setelan Jumper Anak Laki-Laki  - T 0256 dengan bahan COTTON COMBED ini dijamin awet.<br/>Kode : T 0256<br/>Warna : WHITE COMB<br/>Bahan : COTTON COMBED<br/>Ukuran : All Size<br/>Berat : 0.4 kg<br>
         </p>

         <p style=""background-color: #5cb85c; color: #ffffff; padding: 5px; text-align: center; display: inline-block; box-shadow: 0 1px 3px rgba(0,0,0,0.12), 0 1px 2px rgba(0,0,0,0.24);"">
         ID Penjual : BDRS<br>
         Lokasi : Bandung</p>

         {% include share.html %}

         {% include disqus.html %}
         
        </div>
       </div>       
       
      </div>
     </div><!--/category-tab-->",2017-02-15,html,perlengkapan-bayi,tdlr,perlengkapan-bayi,tdlr,"Perlengkapan Bayi Bahan COTTON COMBED, Ukuran All Size, Warna WHITE COMB",https://images.lipatan.com/katalog-tdlr-2017/foto-produk-satuan/126-t-0256.jpg,Setelan Jumper Anak Laki-Laki  - T 0256,Rp 119.900,T 0256,Baru
Jual Setelan Anak Perempuan - T 0258 Murah,setelan-anak-perempuan-t-0258,"
     <div class=""product-details""><!--product-details-->
      <div class=""col-sm-5"">
       <div class=""view-product"">
        <img src=""{{ page.image }}"" alt=""{{ page.product }}"" title=""{{ page.product }}"" />
        <h3><a style=""text-decoration: none; color: #ffffff"" href=""{{ page.image }}"" target=""_blank"" title=""Klik disini untuk memperbesar"">ZOOM</a></h3>
       </div>
      </div>

      <div class=""col-sm-7"">
       <div class=""product-information""><!--/product-information-->
        <h1>{{ page.product }}</h1>
        <p>SKU: {{ page.sku }}</p>
        <img src=""{{ site.url }}/img/rating.png"" alt=""rating"" title=""rating"" /><br>
        <span>
         <span>{{ page.price }}</span>        
         <label>Stok:<a href=""http://stok.lipatan.com"" target=""_blank"" title=""Cek Stok"">
          <script type=""text/javascript"">
          <!--
          document.write(unescape('%3c%62%75%74%74%6f%6e%20%74%79%70%65%3d%22%62%75%74%74%6f%6e%22%20%63%6c%61%73%73%3d%22%62%74%6e%20%62%74%6e%2d%66%65%66%61%75%6c%74%20%63%61%72%74%22%3e%09%09%09%09%09%09%09%09%09%09%3c%69%20%63%6c%61%73%73%3d%22%66%61%20%66%61%2d%73%68%6f%70%70%69%6e%67%2d%63%61%72%74%22%3e%3c%2f%69%3e%09%09%09%09%09%09%09%09%09%09%43%65%6b%20%53%74%6f%6b%3c%2f%62%75%74%74%6f%6e%3e'));
          //-->
          </script>
          </a>
         </label>
        </span>
        <p><b>Kondisi:</b> {{ page.kondisi }}</p>
        <p><b>Deskripsi:</b> {{ page.description }}</p>
        {% include buy.html %}
       </div><!--/product-information-->
      </div>
     </div><!--/product-details-->
     
     <div class=""category-tab shop-details-tab""><!--category-tab-->
      <div class=""col-sm-12"">
       <ul class=""nav nav-tabs"">
        <li class=""active""><a href=""{{ site.url }}{{ page.url }}#keterangan"" data-toggle=""tab"" title=""Keterangan"">Keterangan</a></li>        
       </ul>
      </div>
      <div class=""tab-content"">
       <div class=""tab-pane fade active in"" id=""keterangan"" >
        <div class=""col-sm-12"">
         <h2>{{ page.product }}</h2>         
         <ol class=""breadcrumb"">
            <li class=""active"">Tag :</li>
            <li><a href=""{{ site.url }}/{{ page.jenis }}"" title=""{{ page.jenis }}"">{{ page.jenis }}</a></li>
            <li><a href=""{{ site.url }}/{{ page.brand }}"" title=""{{ page.brand }}"">{{ page.brand }}</a></li>  
         </ol>         
         <p>Tampil trendy dengan Perlengkapan Bayi merek TDLR. Brand fashion asal Bandung. Cocok untuk hadiah orang yang Anda sayangi agar terlihat lebih gaya, tampil berbeda dan percaya diri. Setelan Anak Perempuan - T 0258 dengan bahan COTTON COMBED ini dijamin awet.<br/>Kode : T 0258<br/>Warna : PINK COMB<br/>Bahan : COTTON COMBED<br/>Ukuran : All Size<br/>Berat : 0.4 kg<br>
         </p>

         <p style=""background-color: #5cb85c; color: #ffffff; padding: 5px; text-align: center; display: inline-block; box-shadow: 0 1px 3px rgba(0,0,0,0.12), 0 1px 2px rgba(0,0,0,0.24);"">
         ID Penjual : BDRS<br>
         Lokasi : Bandung</p>

         {% include share.html %}

         {% include disqus.html %}
         
        </div>
       </div>       
       
      </div>
     </div><!--/category-tab-->",2017-02-15,html,perlengkapan-bayi,tdlr,perlengkapan-bayi,tdlr,"Perlengkapan Bayi Bahan COTTON COMBED, Ukuran All Size, Warna PINK COMB",https://images.lipatan.com/katalog-tdlr-2017/foto-produk-satuan/127-t-0258.jpg,Setelan Anak Perempuan - T 0258,Rp 103.900,T 0258,Baru
Jual Setelan Jumper Anak Perempuan - T 0753 Murah,setelan-jumper-anak-perempuan-t-0753,"
     <div class=""product-details""><!--product-details-->
      <div class=""col-sm-5"">
       <div class=""view-product"">
        <img src=""{{ page.image }}"" alt=""{{ page.product }}"" title=""{{ page.product }}"" />
        <h3><a style=""text-decoration: none; color: #ffffff"" href=""{{ page.image }}"" target=""_blank"" title=""Klik disini untuk memperbesar"">ZOOM</a></h3>
       </div>
      </div>

      <div class=""col-sm-7"">
       <div class=""product-information""><!--/product-information-->
        <h1>{{ page.product }}</h1>
        <p>SKU: {{ page.sku }}</p>
        <img src=""{{ site.url }}/img/rating.png"" alt=""rating"" title=""rating"" /><br>
        <span>
         <span>{{ page.price }}</span>        
         <label>Stok:<a href=""http://stok.lipatan.com"" target=""_blank"" title=""Cek Stok"">
          <script type=""text/javascript"">
          <!--
          document.write(unescape('%3c%62%75%74%74%6f%6e%20%74%79%70%65%3d%22%62%75%74%74%6f%6e%22%20%63%6c%61%73%73%3d%22%62%74%6e%20%62%74%6e%2d%66%65%66%61%75%6c%74%20%63%61%72%74%22%3e%09%09%09%09%09%09%09%09%09%09%3c%69%20%63%6c%61%73%73%3d%22%66%61%20%66%61%2d%73%68%6f%70%70%69%6e%67%2d%63%61%72%74%22%3e%3c%2f%69%3e%09%09%09%09%09%09%09%09%09%09%43%65%6b%20%53%74%6f%6b%3c%2f%62%75%74%74%6f%6e%3e'));
          //-->
          </script>
          </a>
         </label>
        </span>
        <p><b>Kondisi:</b> {{ page.kondisi }}</p>
        <p><b>Deskripsi:</b> {{ page.description }}</p>
        {% include buy.html %}
       </div><!--/product-information-->
      </div>
     </div><!--/product-details-->
     
     <div class=""category-tab shop-details-tab""><!--category-tab-->
      <div class=""col-sm-12"">
       <ul class=""nav nav-tabs"">
        <li class=""active""><a href=""{{ site.url }}{{ page.url }}#keterangan"" data-toggle=""tab"" title=""Keterangan"">Keterangan</a></li>        
       </ul>
      </div>
      <div class=""tab-content"">
       <div class=""tab-pane fade active in"" id=""keterangan"" >
        <div class=""col-sm-12"">
         <h2>{{ page.product }}</h2>         
         <ol class=""breadcrumb"">
            <li class=""active"">Tag :</li>
            <li><a href=""{{ site.url }}/{{ page.jenis }}"" title=""{{ page.jenis }}"">{{ page.jenis }}</a></li>
            <li><a href=""{{ site.url }}/{{ page.brand }}"" title=""{{ page.brand }}"">{{ page.brand }}</a></li>  
         </ol>         
         <p>Tampil trendy dengan Perlengkapan Bayi merek TDLR. Brand fashion asal Bandung. Cocok untuk hadiah orang yang Anda sayangi agar terlihat lebih gaya, tampil berbeda dan percaya diri. Setelan Jumper Anak Perempuan - T 0753 dengan bahan COTTON COMBED ini dijamin awet.<br/>Kode : T 0753<br/>Warna : GREEN COMB<br/>Bahan : COTTON COMBED<br/>Ukuran : All Size<br/>Berat : 0.4 kg<br>
         </p>

         <p style=""background-color: #5cb85c; color: #ffffff; padding: 5px; text-align: center; display: inline-block; box-shadow: 0 1px 3px rgba(0,0,0,0.12), 0 1px 2px rgba(0,0,0,0.24);"">
         ID Penjual : BDRS<br>
         Lokasi : Bandung</p>

         {% include share.html %}

         {% include disqus.html %}
         
        </div>
       </div>       
       
      </div>
     </div><!--/category-tab-->",2017-02-15,html,perlengkapan-bayi,tdlr,perlengkapan-bayi,tdlr,"Perlengkapan Bayi Bahan COTTON COMBED, Ukuran All Size, Warna GREEN COMB",https://images.lipatan.com/katalog-tdlr-2017/foto-produk-satuan/128-t-0753.jpg,Setelan Jumper Anak Perempuan - T 0753,Rp 120.900,T 0753,Baru
Jual Tas Bayi & Aksesoris - AMG 2306 Murah,tas-bayi-aksesoris-amg-2306,"
     <div class=""product-details""><!--product-details-->
      <div class=""col-sm-5"">
       <div class=""view-product"">
        <img src=""{{ page.image }}"" alt=""{{ page.product }}"" title=""{{ page.product }}"" />
        <h3><a style=""text-decoration: none; color: #ffffff"" href=""{{ page.image }}"" target=""_blank"" title=""Klik disini untuk memperbesar"">ZOOM</a></h3>
       </div>
      </div>

      <div class=""col-sm-7"">
       <div class=""product-information""><!--/product-information-->
        <h1>{{ page.product }}</h1>
        <p>SKU: {{ page.sku }}</p>
        <img src=""{{ site.url }}/img/rating.png"" alt=""rating"" title=""rating"" /><br>
        <span>
         <span>{{ page.price }}</span>        
         <label>Stok:<a href=""http://stok.lipatan.com"" target=""_blank"" title=""Cek Stok"">
          <script type=""text/javascript"">
          <!--
          document.write(unescape('%3c%62%75%74%74%6f%6e%20%74%79%70%65%3d%22%62%75%74%74%6f%6e%22%20%63%6c%61%73%73%3d%22%62%74%6e%20%62%74%6e%2d%66%65%66%61%75%6c%74%20%63%61%72%74%22%3e%09%09%09%09%09%09%09%09%09%09%3c%69%20%63%6c%61%73%73%3d%22%66%61%20%66%61%2d%73%68%6f%70%70%69%6e%67%2d%63%61%72%74%22%3e%3c%2f%69%3e%09%09%09%09%09%09%09%09%09%09%43%65%6b%20%53%74%6f%6b%3c%2f%62%75%74%74%6f%6e%3e'));
          //-->
          </script>
          </a>
         </label>
        </span>
        <p><b>Kondisi:</b> {{ page.kondisi }}</p>
        <p><b>Deskripsi:</b> {{ page.description }}</p>
        {% include buy.html %}
       </div><!--/product-information-->
      </div>
     </div><!--/product-details-->
     
     <div class=""category-tab shop-details-tab""><!--category-tab-->
      <div class=""col-sm-12"">
       <ul class=""nav nav-tabs"">
        <li class=""active""><a href=""{{ site.url }}{{ page.url }}#keterangan"" data-toggle=""tab"" title=""Keterangan"">Keterangan</a></li>        
       </ul>
      </div>
      <div class=""tab-content"">
       <div class=""tab-pane fade active in"" id=""keterangan"" >
        <div class=""col-sm-12"">
         <h2>{{ page.product }}</h2>         
         <ol class=""breadcrumb"">
            <li class=""active"">Tag :</li>
            <li><a href=""{{ site.url }}/{{ page.jenis }}"" title=""{{ page.jenis }}"">{{ page.jenis }}</a></li>
            <li><a href=""{{ site.url }}/{{ page.brand }}"" title=""{{ page.brand }}"">{{ page.brand }}</a></li>  
         </ol>         
         <p>Tampil trendy dengan Perlengkapan Bayi merek Garsel Fashion. Brand fashion asal Bandung. Cocok untuk hadiah orang yang Anda sayangi agar terlihat lebih gaya, tampil berbeda dan percaya diri. Tas Bayi & Aksesoris - AMG 2306 dengan bahan Twill ini dijamin awet.<br/>Kode : AMG 2306<br/>Warna : Brown Comb<br/>Bahan : Twill<br/>Ukuran : All Size<br/>Berat : 0.75 kg<br>
         </p>

         <p style=""background-color: #5cb85c; color: #ffffff; padding: 5px; text-align: center; display: inline-block; box-shadow: 0 1px 3px rgba(0,0,0,0.12), 0 1px 2px rgba(0,0,0,0.24);"">
         ID Penjual : BDRS<br>
         Lokasi : Bandung</p>

         {% include share.html %}

         {% include disqus.html %}
         
        </div>
       </div>       
       
      </div>
     </div><!--/category-tab-->",2017-02-06,html,perlengkapan-bayi,garsel-fashion,perlengkapan-bayi,garsel-fashion,"Perlengkapan Bayi Bahan Twill, Ukuran All Size, Warna Brown Comb",https://images.lipatan.com/katalog-garsel-fashion-2016/foto-produk-satuan/588-amg-2306.jpg,Tas Bayi & Aksesoris - AMG 2306,Rp 206.900,AMG 2306,Baru
Jual Tas Bayi & Aksesoris - AMG 2309 Murah,tas-bayi-aksesoris-amg-2309,"
     <div class=""product-details""><!--product-details-->
      <div class=""col-sm-5"">
       <div class=""view-product"">
        <img src=""{{ page.image }}"" alt=""{{ page.product }}"" title=""{{ page.product }}"" />
        <h3><a style=""text-decoration: none; color: #ffffff"" href=""{{ page.image }}"" target=""_blank"" title=""Klik disini untuk memperbesar"">ZOOM</a></h3>
       </div>
      </div>

      <div class=""col-sm-7"">
       <div class=""product-information""><!--/product-information-->
        <h1>{{ page.product }}</h1>
        <p>SKU: {{ page.sku }}</p>
        <img src=""{{ site.url }}/img/rating.png"" alt=""rating"" title=""rating"" /><br>
        <span>
         <span>{{ page.price }}</span>        
         <label>Stok:<a href=""http://stok.lipatan.com"" target=""_blank"" title=""Cek Stok"">
          <script type=""text/javascript"">
          <!--
          document.write(unescape('%3c%62%75%74%74%6f%6e%20%74%79%70%65%3d%22%62%75%74%74%6f%6e%22%20%63%6c%61%73%73%3d%22%62%74%6e%20%62%74%6e%2d%66%65%66%61%75%6c%74%20%63%61%72%74%22%3e%09%09%09%09%09%09%09%09%09%09%3c%69%20%63%6c%61%73%73%3d%22%66%61%20%66%61%2d%73%68%6f%70%70%69%6e%67%2d%63%61%72%74%22%3e%3c%2f%69%3e%09%09%09%09%09%09%09%09%09%09%43%65%6b%20%53%74%6f%6b%3c%2f%62%75%74%74%6f%6e%3e'));
          //-->
          </script>
          </a>
         </label>
        </span>
        <p><b>Kondisi:</b> {{ page.kondisi }}</p>
        <p><b>Deskripsi:</b> {{ page.description }}</p>
        {% include buy.html %}
       </div><!--/product-information-->
      </div>
     </div><!--/product-details-->
     
     <div class=""category-tab shop-details-tab""><!--category-tab-->
      <div class=""col-sm-12"">
       <ul class=""nav nav-tabs"">
        <li class=""active""><a href=""{{ site.url }}{{ page.url }}#keterangan"" data-toggle=""tab"" title=""Keterangan"">Keterangan</a></li>        
       </ul>
      </div>
      <div class=""tab-content"">
       <div class=""tab-pane fade active in"" id=""keterangan"" >
        <div class=""col-sm-12"">
         <h2>{{ page.product }}</h2>         
         <ol class=""breadcrumb"">
            <li class=""active"">Tag :</li>
            <li><a href=""{{ site.url }}/{{ page.jenis }}"" title=""{{ page.jenis }}"">{{ page.jenis }}</a></li>
            <li><a href=""{{ site.url }}/{{ page.brand }}"" title=""{{ page.brand }}"">{{ page.brand }}</a></li>  
         </ol>         
         <p>Tampil trendy dengan Perlengkapan Bayi merek Garsel Fashion. Brand fashion asal Bandung. Cocok untuk hadiah orang yang Anda sayangi agar terlihat lebih gaya, tampil berbeda dan percaya diri. Tas Bayi & Aksesoris - AMG 2309 dengan bahan Twill ini dijamin awet.<br/>Kode : AMG 2309<br/>Warna : Cream<br/>Bahan : Twill<br/>Ukuran : All Size<br/>Berat : 0.75 kg<br>
         </p>

         <p style=""background-color: #5cb85c; color: #ffffff; padding: 5px; text-align: center; display: inline-block; box-shadow: 0 1px 3px rgba(0,0,0,0.12), 0 1px 2px rgba(0,0,0,0.24);"">
         ID Penjual : BDRS<br>
         Lokasi : Bandung</p>

         {% include share.html %}

         {% include disqus.html %}
         
        </div>
       </div>       
       
      </div>
     </div><!--/category-tab-->",2017-02-06,html,perlengkapan-bayi,garsel-fashion,perlengkapan-bayi,garsel-fashion,"Perlengkapan Bayi Bahan Twill, Ukuran All Size, Warna Cream",https://images.lipatan.com/katalog-garsel-fashion-2016/foto-produk-satuan/589-amg-2309.jpg,Tas Bayi & Aksesoris - AMG 2309,Rp 212.900,AMG 2309,Baru
Jual Tas Bayi & Aksesoris - AMG 2308 Murah,tas-bayi-aksesoris-amg-2308,"
     <div class=""product-details""><!--product-details-->
      <div class=""col-sm-5"">
       <div class=""view-product"">
        <img src=""{{ page.image }}"" alt=""{{ page.product }}"" title=""{{ page.product }}"" />
        <h3><a style=""text-decoration: none; color: #ffffff"" href=""{{ page.image }}"" target=""_blank"" title=""Klik disini untuk memperbesar"">ZOOM</a></h3>
       </div>
      </div>

      <div class=""col-sm-7"">
       <div class=""product-information""><!--/product-information-->
        <h1>{{ page.product }}</h1>
        <p>SKU: {{ page.sku }}</p>
        <img src=""{{ site.url }}/img/rating.png"" alt=""rating"" title=""rating"" /><br>
        <span>
         <span>{{ page.price }}</span>        
         <label>Stok:<a href=""http://stok.lipatan.com"" target=""_blank"" title=""Cek Stok"">
          <script type=""text/javascript"">
          <!--
          document.write(unescape('%3c%62%75%74%74%6f%6e%20%74%79%70%65%3d%22%62%75%74%74%6f%6e%22%20%63%6c%61%73%73%3d%22%62%74%6e%20%62%74%6e%2d%66%65%66%61%75%6c%74%20%63%61%72%74%22%3e%09%09%09%09%09%09%09%09%09%09%3c%69%20%63%6c%61%73%73%3d%22%66%61%20%66%61%2d%73%68%6f%70%70%69%6e%67%2d%63%61%72%74%22%3e%3c%2f%69%3e%09%09%09%09%09%09%09%09%09%09%43%65%6b%20%53%74%6f%6b%3c%2f%62%75%74%74%6f%6e%3e'));
          //-->
          </script>
          </a>
         </label>
        </span>
        <p><b>Kondisi:</b> {{ page.kondisi }}</p>
        <p><b>Deskripsi:</b> {{ page.description }}</p>
        {% include buy.html %}
       </div><!--/product-information-->
      </div>
     </div><!--/product-details-->
     
     <div class=""category-tab shop-details-tab""><!--category-tab-->
      <div class=""col-sm-12"">
       <ul class=""nav nav-tabs"">
        <li class=""active""><a href=""{{ site.url }}{{ page.url }}#keterangan"" data-toggle=""tab"" title=""Keterangan"">Keterangan</a></li>        
       </ul>
      </div>
      <div class=""tab-content"">
       <div class=""tab-pane fade active in"" id=""keterangan"" >
        <div class=""col-sm-12"">
         <h2>{{ page.product }}</h2>         
         <ol class=""breadcrumb"">
            <li class=""active"">Tag :</li>
            <li><a href=""{{ site.url }}/{{ page.jenis }}"" title=""{{ page.jenis }}"">{{ page.jenis }}</a></li>
            <li><a href=""{{ site.url }}/{{ page.brand }}"" title=""{{ page.brand }}"">{{ page.brand }}</a></li>  
         </ol>         
         <p>Tampil trendy dengan Perlengkapan Bayi merek Garsel Fashion. Brand fashion asal Bandung. Cocok untuk hadiah orang yang Anda sayangi agar terlihat lebih gaya, tampil berbeda dan percaya diri. Tas Bayi & Aksesoris - AMG 2308 dengan bahan Twill ini dijamin awet.<br/>Kode : AMG 2308<br/>Warna : Blue Comb<br/>Bahan : Twill<br/>Ukuran : All Size<br/>Berat : 0.75 kg<br>
         </p>

         <p style=""background-color: #5cb85c; color: #ffffff; padding: 5px; text-align: center; display: inline-block; box-shadow: 0 1px 3px rgba(0,0,0,0.12), 0 1px 2px rgba(0,0,0,0.24);"">
         ID Penjual : BDRS<br>
         Lokasi : Bandung</p>

         {% include share.html %}

         {% include disqus.html %}
         
        </div>
       </div>       
       
      </div>
     </div><!--/category-tab-->",2017-02-06,html,perlengkapan-bayi,garsel-fashion,perlengkapan-bayi,garsel-fashion,"Perlengkapan Bayi Bahan Twill, Ukuran All Size, Warna Blue Comb",https://images.lipatan.com/katalog-garsel-fashion-2016/foto-produk-satuan/590-amg-2308.jpg,Tas Bayi & Aksesoris - AMG 2308,Rp 206.900,AMG 2308,Baru
